{
	"texture_size": [12, 8],
	"textures": {
		"0": "block/skybox/sky20",
		"particle": "block/skybox/sky20"
	},
	"elements": [
		{
			"from": [16, 16, 16],
			"to": [0, 0, 0],
			"rotation": {"angle": 0, "axis": "y", "origin": [16, 16, 16]},
			"faces": {
				"north": {"uv": [5.33333, 8, 0.00521, 0.00781], "texture": "#0"},
				"east": {"uv": [10.66667, 8, 5.33333, 0.00781], "texture": "#0"},
				"south": {"uv": [16, 8, 10.66667, 0.00781], "texture": "#0"},
				"west": {"uv": [16, 16, 10.67708, 8.01563], "texture": "#0"},
				"up": {"uv": [0, 8, 5.33333, 16], "rotation": 270, "texture": "#0"},
				"down": {"uv": [10.66667, 16, 5.33854, 8.00781], "rotation": 90, "texture": "#0"}
			}
		}
	]
}