{
	"format_version": "1.21.6",
	"texture_size": [12, 8],
	"textures": {
		"0": "block/skybox/sky_day01_07",
		"particle": "block/skybox/sky_day01_07"
	},
	"elements": [
		{
			"from": [16, 16, 16],
			"to": [0, 0, 0],
			"rotation": {"angle": 0, "axis": "y", "origin": [16, 16, 16]},
			"faces": {
				"north": {"uv": [5.33333, 8, 0.00521, 0.00781], "texture": "#0"},
				"east": {"uv": [10.66667, 8, 5.33333, 0.02343], "texture": "#0"},
				"south": {"uv": [16, 7.97656, 10.66667, 0.02344], "texture": "#0"},
				"west": {"uv": [15.99479, 16, 10.67708, 8.03126], "texture": "#0"},
				"up": {"uv": [0, 8, 5.33333, 16], "rotation": 270, "texture": "#0"},
				"down": {"uv": [10.65625, 15.94532, 5.34896, 8.02343], "rotation": 270, "texture": "#0"}
			}
		}
	]
}