{
	"textures": {
		"0": "block/skybox/sky_day01",
		"particle": "block/skybox/sky_day01"
	},
	"elements": [
		{
			"from": [16, 8, 16],
			"to": [0, 0, 0],
			"rotation": {"angle": 0, "axis": "y", "origin": [16, 32, 16]},
			"faces": {
				"north": {"uv": [8, 4, 0, 0], "texture": "#0"},
				"east": {"uv": [16, 4, 8, 0], "texture": "#0"},
				"south": {"uv": [8, 8, 0, 4], "texture": "#0"},
				"west": {"uv": [16, 8, 8, 4], "texture": "#0"},
				"up": {"uv": [8, 16, 16, 8], "rotation": 270, "texture": "#0"},
				"down": {"uv": [8, 16, 0, 8], "rotation": 90, "texture": "#0"}
			}
		}
	]
}